source,target,value
Kaisa,Tryndamere,0.21247606071289052
Diana,Kaisa,0.20437719741217497
Alistar,Kaisa,0.22009852029003457
Khazix,Sylas,0.2605928367936124
MissFortune,Viego,0.8532390689165626
MissFortune,Vex,0.8408525721037036
Jinx,Lux,0.5073699656036512
Khazix,Lux,0.23296142082646518
Akali,Kayn,0.24725353253361027
Kayn,Yuumi,0.4387678294093546
Akali,Yuumi,0.3177612836221928
Ezreal,Yuumi,1.5702266728916752
Graves,Lulu,0.6336169523500996
Aphelios,Lulu,0.349203929377912
Aphelios,Graves,0.46782845654721633
Ekko,Tristana,0.1514963840957381
Akali,LeeSin,0.47830933846578944
LeeSin,Vex,0.6912618029022515
LeeSin,Thresh,0.826084056672987
Jhin,Vex,0.45163072994578524
Caitlyn,Nocturne,0.1514963840957381
Ekko,Irelia,0.5211856735872248
Irelia,Kaisa,0.5835945613750917
Ekko,Kaisa,0.4730688975065029
Morgana,Talon,0.2605928367936124
Lucian,Nunu,0.3015635570207617
Karma,Zed,0.16578849580288318
Darius,Vex,0.2720265261593285
Irelia,Jhin,0.6112259773422388
Lillia,Yone,0.3534915628900555
Brand,MissFortune,0.25487599211075435
Ekko,Jhin,0.4802149533600754
Ekko,Thresh,0.4387678294093546
Fiora,LeeSin,0.4964126799615066
Fiora,Thresh,0.2896534639314741
Graves,Thresh,0.8222728268844148
Kayn,Leblanc,0.37111850066220115
Leblanc,Senna,0.19866035272931692
Ezreal,Senna,0.44400827036864116
Ekko,Lucian,0.7231808523815422
Ekko,Yuumi,0.42876335121435305
Katarina,Yuumi,0.25535239583432584
Lucian,Yuumi,1.0114051051423019
Leona,Samira,0.6741112688536773
Graves,Leona,0.7103179518451117
Graves,Lucian,1.3386944632359246
Taliyah,Yone,0.10814364525073128
Braum,Vayne,0.13625146494145
Mordekaiser,Yasuo,0.25154116604575383
Mordekaiser,Pyke,0.12148294951073338
Pyke,Yasuo,0.4349565996207826
Irelia,Ziggs,0.20866483092431848
Graves,TwistedFate,0.5087991767743657
Graves,Ziggs,0.344439892142197
Caitlyn,TwistedFate,0.18722666336360086
Ezreal,Viktor,0.21199965698931902
Ezreal,MasterYi,0.7679628023972636
Ezreal,Seraphine,0.19818394900574543
MasterYi,Yasuo,0.5188036549693673
Jhin,Teemo,0.488313816660791
Jhin,Khazix,0.1962783341114594
Ekko,Riven,0.16959972559145522
MissFortune,Riven,0.31204443893933476
Ekko,Zed,0.45734757462864334
Ekko,Nautilus,0.20914123464789003
Shaco,Teemo,0.2529703772164683
Lissandra,MissFortune,0.19961316017645994
Amumu,MissFortune,1.3467933265366403
Ashe,Jax,0.1505435766485951
Jax,Morgana,0.14244471334787953
Leona,TahmKench,0.140062694730022
Aphelios,LeeSin,0.47830933846578944
LeeSin,Leona,0.6717292502358199
TwistedFate,Vayne,0.3720713081093442
Lulu,Vayne,0.7479538460072604
LeeSin,TwistedFate,0.45830038207578633
LeeSin,Lulu,0.6026507103179518
Lulu,TwistedFate,0.20104237134717448
KogMaw,Lulu,0.18722666336360086
Riven,Thresh,0.15911884367288215
Kaisa,Riven,0.1686469181443122
MasterYi,Riven,0.11576610482787533
Kaisa,Thresh,0.5654912198793746
Caitlyn,TahmKench,0.13148742770573493
Ashe,Sylas,0.46592284165293035
Ashe,Lulu,0.30203996074433315
Jhin,Orianna,0.12100654578716186
Ezreal,Olaf,0.12195935323430487
Ashe,Malphite,0.31252084266290625
Ashe,Warwick,0.14435032824216554
Ashe,Katarina,0.19866035272931692
Fiora,Jhin,0.3182376873457643
Sylas,Thresh,0.5988394805293797
Thresh,Vayne,0.7026954922679676
Ezreal,LeeSin,1.723152268158128
LeeSin,Zilean,0.11624250855144684
Ezreal,Zilean,0.16102445856716815
Aphelios,Camille,0.21342886816003354
Camille,Yuumi,0.3311005878821949
Kennen,MissFortune,0.43781502196221167
Lux,MissFortune,1.192438520099473
MissFortune,Shen,0.2896534639314741
Janna,MissFortune,0.10766724152715978
Vex,XinZhao,0.1529255952664526
Yasuo,Zac,0.3520623517193411
Graves,Vex,0.7046011071622535
Trundle,Xerath,0.15816603622573913
Jhin,Trundle,0.1667413032500262
Kayn,Xerath,0.39732070545863385
Brand,Kayn,0.10671443408001677
Jhin,Xerath,1.1014454088973158
Brand,Jhin,0.17674578144502776
Karthus,Yone,0.11004926014501729
Galio,Graves,0.32395453202862234
MissFortune,TwistedFate,0.483549779425076
Galio,MissFortune,0.36587805970291465
Aphelios,Thresh,0.6741112688536773
Malphite,Yasuo,0.8622907396644212
Ekko,Ezreal,0.9170771678751442
Camille,Xerath,0.3182376873457643
Ahri,MasterYi,0.11338408621001783
Blitzcrank,MasterYi,0.34396348841862545
Ahri,Ezreal,0.30013434585004717
Gragas,Yasuo,0.30251636446790464
Nidalee,TahmKench,0.12053014206359038
Katarina,Viego,0.22676817242003566
Jinx,Viego,0.34301068097148246
Senna,Viego,0.20056596762360293
MasterYi,Xerath,0.3458691033129115
Renekton,Xerath,0.10862004897430279
Ekko,Fiora,0.27107371871218544
Fiora,Lulu,0.2239097500786066
Talon,Yuumi,0.41256562461292196
Kayn,Ziggs,0.14339752079502252
Yone,Ziggs,0.2653568740293274
LeeSin,Viktor,0.19723114155860244
LeeSin,Xerath,0.8027402742179832
Leblanc,Viego,0.4311453698322106
Nami,Viego,0.24725353253361027
Leblanc,MissFortune,0.9404209503301477
Anivia,LeeSin,0.21533448305431957
Sett,Twitch,0.10099758939715872
Leblanc,Lulu,0.353015159166484
Leblanc,XinZhao,0.1919907005993159
Akshan,Teemo,0.24391870646860975
Caitlyn,Teemo,0.33491181767076694
Jhin,Zac,0.22676817242003566
Amumu,Tristana,0.15911884367288215
Leblanc,Thresh,0.4878374129372195
Kayn,Vayne,0.5745428906272332
Fizz,Graves,0.205330004859318
Graves,Swain,0.21152325326574753
Camille,Ekko,0.3368174325650529
Camille,Jhin,0.35539717778434154
Camille,Galio,0.2077120234771755
Ezreal,Jax,0.42971615866149615
Kindred,Xerath,0.21533448305431957
Ezreal,Xerath,1.0623803035644526
Ezreal,Velkoz,0.14339752079502252
Amumu,Irelia,0.484502586872219
Amumu,Kaisa,0.4778329347422179
LeeSin,Sylas,1.0647623221823102
Camille,Kaisa,0.35444437033719856
Evelynn,Yone,0.1762693777214563
Evelynn,Kaisa,0.12529417929930542
Nunu,Vayne,0.27345573733004297
Soraka,Vayne,0.21676369422503408
MissFortune,TahmKench,0.3377702400121959
Katarina,LeeSin,0.43638581079149713
Katarina,MissFortune,0.5149924251807952
Katarina,Thresh,0.25392318466361136
Lucian,Lulu,0.8699131992415652
Aatrox,Nidalee,0.21914571284289158
Leona,Nidalee,0.27059731498861395
Leona,Talon,0.3372938362886244
Brand,Zed,0.1357750612178785
Shaco,Yone,0.33586462511790993
Malphite,MissFortune,0.8327537088029879
Irelia,Nidalee,0.44257905919792667
Ezreal,Nidalee,0.6969786475851095
Irelia,Senna,0.24106028412718075
Elise,Vayne,0.23105580593217917
Blitzcrank,Elise,0.14435032824216554
Blitzcrank,Katarina,0.2605928367936124
Blitzcrank,Vayne,0.6941202252436806
Alistar,Yasuo,0.36921288576791517
Blitzcrank,Irelia,0.5388126113593704
Nidalee,Yone,0.41161281716577897
Jinx,Nidalee,0.25582879955789734
Nidalee,Sett,0.34253427724791097
Darius,Kaisa,0.36254323363791413
Hecarim,Kaisa,0.12577058302287691
Kaisa,Maokai,0.24153668785075222
Aatrox,Vex,0.2348670357207512
Graves,Leblanc,0.8360885348679885
Leblanc,LeeSin,0.9127895343630005
LeeSin,Samira,0.7732032433565501
LeeSin,Rakan,0.19770754528217394
Leblanc,Rakan,0.12100654578716186
Rakan,Samira,0.14339752079502252
Ashe,Irelia,0.4597295932465008
Ashe,Shaco,0.2186693091193201
Lucian,Poppy,0.42971615866149615
Poppy,Xerath,0.2615456442407554
Kindred,Thresh,0.2372490543386087
Jayce,Leblanc,0.207235619753604
Aatrox,Leblanc,0.2887006564843311
Volibear,Yuumi,0.15911884367288215
Evelynn,Yasuo,0.17960420378645678
Fiora,MissFortune,0.5654912198793746
Kennen,Talon,0.20485360113574647
Jinx,Sylas,0.4730688975065029
Ezreal,Nocturne,0.34539269958934
Jinx,Nocturne,0.13434585004716396
Graves,Malzahar,0.1262469867464484
Graves,Jinx,0.7088887406743971
Jinx,Shen,0.11719531599858986
Graves,Lissandra,0.18103341495717132
Kindred,Yuumi,0.22867378731432167
Lissandra,Lucian,0.15340199899002413
Nautilus,Yasuo,0.34682191076005453
Kaisa,Nautilus,0.5316665555057979
Kaisa,Khazix,0.18579745219288635
Camille,Jinx,0.2529703772164683
Akali,Viego,0.2482063399807533
Akali,Jinx,0.21724009794860558
Blitzcrank,Kindred,0.2262917686964641
Blitzcrank,Yasuo,0.6707764427886769
Blitzcrank,Jinx,0.4039903575886349
Khazix,Xerath,0.17960420378645678
Caitlyn,Kennen,0.1781749926157423
Caitlyn,Poppy,0.20961763837146152
Caitlyn,Lux,0.7103179518451117
Lulu,Poppy,0.19770754528217394
Irelia,Samira,0.5154688289043666
Samira,Zac,0.22819738359075012
Ekko,Jinx,0.3368174325650529
Caitlyn,Warwick,0.13148742770573493
Caitlyn,Katarina,0.18436824102217184
Kaisa,Sett,0.5364305927415128
Blitzcrank,LeeSin,0.7870189513401236
Blitzcrank,Kaisa,0.6731584614065343
Fiora,Vex,0.2377254580621802
Jhin,Kindred,0.25011195487503934
Kindred,Lulu,0.18389183729860034
Graves,Xerath,0.8527626651929912
Ekko,Yone,0.5311901517822263
Evelynn,Samira,0.11052566386858881
Jhin,Shaco,0.3072804017036197
Amumu,Zed,0.42781054376721006
MasterYi,Teemo,0.3363410288414814
Jhin,Swain,0.1243413718521624
Elise,Jinx,0.12386496812859088
Jinx,Nautilus,0.18293902985145732
Zed,Ziggs,0.22248053890789207
Jhin,Nidalee,0.341581469800768
Kindred,Sylas,0.30203996074433315
Ezreal,Sona,0.12291216068144788
TwistedFate,Viego,0.25868722189932636
Lux,Viego,0.5554867416843731
Caitlyn,Viego,0.3401522586300535
Elise,Yone,0.20247158251788894
Samira,Yone,0.5283317294407973
Elise,Samira,0.14196830962430804
Rell,Samira,0.22962659476146466
Pantheon,Teemo,0.2262917686964641
Ekko,Pantheon,0.207235619753604
JarvanIV,Samira,0.2420130915743237
Aatrox,Blitzcrank,0.26964450754147096
Lulu,Nidalee,0.23200861337932216
Fizz,Lucian,0.18675025964002936
Graves,Jhin,0.9728164035330101
Aatrox,Jhin,0.31442645755719223
Jinx,Leona,0.33538822139433844
Blitzcrank,Lillia,0.2496355511514678
Blitzcrank,Tryndamere,0.18293902985145732
Darius,MissFortune,0.6893561880079655
Khazix,MissFortune,0.3449162958657685
Morgana,Yone,0.3958914942879193
Teemo,Zed,0.482596971977933
Lillia,Zed,0.30918601659790573
Yuumi,Zed,0.48974302783150553
Vayne,Yuumi,0.7312797156822578
Nami,Teemo,0.25439958838718285
Blitzcrank,Samira,0.5078463693272227
Blitzcrank,Yone,0.5578687603022305
Maokai,Samira,0.31109163149219177
Samira,Sylas,0.5778777166922336
Samira,Sett,0.47021047516507386
Jinx,Teemo,0.340628662353625
Garen,Samira,0.205330004859318
Nidalee,Samira,0.3044219793621907
Alistar,Nidalee,0.13291663887644947
Alistar,Samira,0.45067792249864225
Cassiopeia,LeeSin,0.17388735910359873
Kaisa,XinZhao,0.18579745219288635
Ahri,Kaisa,0.15578401760788163
Jinx,Thresh,0.7970234295351252
Irelia,Swain,0.13291663887644947
Samira,Swain,0.10433241546215924
Ezreal,Neeko,0.14339752079502252
Lux,Nocturne,0.23867826550932322
Ezreal,Lux,1.4549369717873715
Evelynn,Thresh,0.12815260164073444
Talon,Ziggs,0.18341543357502882
Camille,Nidalee,0.25582879955789734
Kaisa,Nidalee,0.3372938362886244
Graves,Nami,0.5316665555057979
Lucian,Nami,2.306270425809648
Fiora,Leblanc,0.2758377559479005
Graves,Zoe,0.26964450754147096
Hecarim,Yuumi,0.13053462025859194
Diana,Jhin,0.205330004859318
Graves,Maokai,0.3411050660771965
Jinx,Leblanc,0.3877926309872038
Leblanc,Maokai,0.19770754528217394
Amumu,Samira,0.5826417539279487
Vayne,Vi,0.10719083780358826
Gwen,Yone,0.15721322877859611
Gwen,Zed,0.14816155803073758
Alistar,Graves,0.3177612836221928
Ashe,Xerath,0.349203929377912
Ezreal,Orianna,0.21914571284289158
MasterYi,Ziggs,0.12338856440501939
Jinx,Lulu,0.4325745810029251
Malphite,Nocturne,0.14339752079502252
Jhin,Rumble,0.10147399312073024
Vayne,Zoe,0.21199965698931902
Jayce,MissFortune,0.42066448791363753
Jayce,Lulu,0.16293007346145416
JarvanIV,MissFortune,0.556439549131516
Aphelios,Nidalee,0.19246710432288738
Jhin,Karma,0.22772097986717862
Jhin,Nocturne,0.18817947081074385
Fizz,Kaisa,0.12910540908787743
Ashe,Trundle,0.12148294951073338
Ashe,JarvanIV,0.20914123464789003
JarvanIV,Lulu,0.20628281230646098
Lucian,Shyvana,0.11719531599858986
Kaisa,Pantheon,0.25821081817575486
Braum,Lucian,0.23153220965575066
Darius,Ekko,0.31442645755719223
MissFortune,Rell,0.12577058302287691
Leblanc,Shen,0.14816155803073758
Samira,Shen,0.1357750612178785
Samira,Thresh,0.484502586872219
LeeSin,Zoe,0.2682152963707564
Caitlyn,Zoe,0.10719083780358826
Caitlyn,Morgana,0.6579135422522462
Lucian,RekSai,0.11243127876287481
Leblanc,Nocturne,0.15911884367288215
MasterYi,Sett,0.3968443017350624
MasterYi,Samira,0.3258601469229083
Blitzcrank,Fiora,0.2877478490371881
Blitzcrank,Evelynn,0.11957733461644736
Akali,Kaisa,0.2901298676550456
DrMundo,Ezreal,0.16388288090859718
Diana,Irelia,0.2215277314607491
Irelia,Soraka,0.16388288090859718
Nidalee,Shen,0.10814364525073128
Jinx,Zac,0.17388735910359873
Karma,Talon,0.13339304260002097
Ezreal,Karma,0.6231360704315265
Ezreal,Shaco,0.6131315922365249
Nidalee,Renekton,0.13101102398216347
Elise,Jhin,0.1686469181443122
MasterYi,Yuumi,0.3558735815079131
MissFortune,Zoe,0.2872714453136166
Yone,Yuumi,0.5912170209522357
Kayn,Samira,0.3858870160929178
Volibear,Yasuo,0.25011195487503934
Kayn,Yasuo,0.5669204310500892
Darius,Kayn,0.26630968147647044
Ahri,Vayne,0.20056596762360293
Amumu,Vayne,0.5978866730822369
Ahri,LeeSin,0.24248949529789526
Kennen,Zed,0.2872714453136166
Jhin,Kennen,0.25582879955789734
LeeSin,Neeko,0.11767171972216135
LeeSin,Xayah,0.16769411069716922
Anivia,Graves,0.22343334635503512
FiddleSticks,Kaisa,0.10433241546215924
Blitzcrank,Kassadin,0.12291216068144788
Blitzcrank,Khazix,0.17341095538002727
Jayce,Thresh,0.22676817242003566
Blitzcrank,Draven,0.11910093089287586
Camille,Thresh,0.3301477804350519
Kaisa,Warwick,0.18579745219288635
Galio,Kaisa,0.21199965698931902
Garen,Morgana,0.16769411069716922
Pantheon,Samira,0.2639276628586129
Ezreal,Mordekaiser,0.3411050660771965
Kennen,LeeSin,0.410660009718636
Ashe,Kennen,0.17102893676216974
Amumu,Kennen,0.21342886816003354
Ezreal,Khazix,0.3749297304507732
Ezreal,Kennen,0.5002239097500787
MissFortune,Warwick,0.3339590102236239
Kayn,Vex,0.3330062027764809
Kayn,MissFortune,0.7536706906901184
Leona,MissFortune,0.8694367955179938
Graves,Heimerdinger,0.13482225377073548
Graves,Zyra,0.16150086229073968
Vayne,Zyra,0.13339304260002097
Kindred,Leblanc,0.21724009794860558
Kassadin,MissFortune,0.2615456442407554
Lillia,Lulu,0.1929435080464589
Ezreal,Gnar,0.18675025964002936
Braum,Ezreal,0.16769411069716922
Alistar,Sylas,0.23677265061503722
Ekko,Tryndamere,0.17436376282717025
Leona,Syndra,0.10719083780358826
Kaisa,Leona,0.5683496422208035
Lulu,Mordekaiser,0.11814812344573286
Jax,Jhin,0.21676369422503408
Jhin,Viego,0.4792621459129324
Jhin,Lux,0.7708212247386926
Vex,Warwick,0.138157079835736
Nunu,Yuumi,0.21152325326574753
Blitzcrank,Fizz,0.11147847131573181
Akali,Caitlyn,0.22057492401360612
Sylas,Viego,0.5554867416843731
Aphelios,Viego,0.24106028412718075
Jhin,Vladimir,0.11576610482787533
Teemo,Yone,0.5311901517822263
Aphelios,Ekko,0.24391870646860975
MissFortune,MonkeyKing,0.2377254580621802
MonkeyKing,Thresh,0.10862004897430279
Brand,Sett,0.14196830962430804
Brand,MasterYi,0.1119548750393033
Ezreal,Heimerdinger,0.16054805484359666
Ezreal,Soraka,0.36206682991434264
LeeSin,Soraka,0.25916362562289785
LeeSin,Orianna,0.20818842720074698
Karma,LeeSin,0.2767905633950435
Diana,Yasuo,0.5850237725458062
Diana,Samira,0.17388735910359873
Pyke,Samira,0.3149028612807638
Mordekaiser,Yone,0.20342438996503198
Galio,MasterYi,0.13672786866502148
Garen,Leona,0.19008508570502988
Kennen,Yone,0.28631863786647355
Volibear,Xerath,0.17293455165645574
Xerath,Ziggs,0.17722218516859928
Kaisa,Qiyana,0.20056596762360293
LeeSin,Vladimir,0.18484464474574333
Ezreal,Vladimir,0.2239097500786066
Pyke,Vayne,0.44400827036864116
Kayn,Pyke,0.2401074766800377
Rakan,Xayah,0.271550122435757
Kayn,Sylas,0.5245204996522252
Blitzcrank,Nidalee,0.3029927681914762
Blitzcrank,Ryze,0.14673234686002307
Ezreal,Rumble,0.1919907005993159
Brand,Talon,0.10719083780358826
Lulu,Qiyana,0.13148742770573493
Garen,MasterYi,0.18675025964002936
Garen,Lux,0.3053747868093337
Lux,MasterYi,0.5497698970015149
LeeSin,Zyra,0.16959972559145522
Lux,Warwick,0.24582432136289575
Ashe,Talon,0.2901298676550456
MissFortune,Velkoz,0.13529865749430697
Kaisa,TahmKench,0.19723114155860244
Lulu,TahmKench,0.13482225377073548
Kaisa,Lillia,0.27059731498861395
JarvanIV,Thresh,0.2605928367936124
Nidalee,Thresh,0.3520623517193411
Annie,Ezreal,0.10623803035644526
JarvanIV,Leblanc,0.3082332091507627
Akshan,Ekko,0.24439511019218127
Evelynn,Zed,0.11719531599858986
Samira,Zed,0.4454374815393557
Brand,Ezreal,0.3058511905329052
Leblanc,Poppy,0.2610692405171839
Leona,Tristana,0.18484464474574333
Ezreal,Viego,0.9061198822329996
Garen,Yuumi,0.26297485541146987
Trundle,Vayne,0.22200413518432058
Anivia,Viego,0.11386048993358931
Leona,Sylas,0.5245204996522252
Ornn,Samira,0.16293007346145416
Ezreal,Tryndamere,0.41732966184863696
Ezreal,RekSai,0.14577953941288005
Amumu,Kalista,0.11004926014501729
Galio,JarvanIV,0.16150086229073968
Nautilus,Samira,0.4454374815393557
Amumu,Jax,0.17674578144502776
Diana,MissFortune,0.37969376768648827
Ashe,Nocturne,0.13768067611216447
Ashe,Shen,0.11147847131573181
Draven,LeeSin,0.1681705144207407
Swain,Yone,0.138157079835736
MasterYi,Yone,0.4373386182386402
Darius,MasterYi,0.2872714453136166
Chogath,MissFortune,0.10480881918573076
Irelia,Lillia,0.3101388240450487
Lillia,Samira,0.2348670357207512
Lux,Nunu,0.23820186178575173
Nunu,Samira,0.1781749926157423
Lucian,Soraka,0.23248501710289368
Jinx,Soraka,0.11290768248644631
Gwen,Thresh,0.12243575695787638
Lux,Volibear,0.22248053890789207
Illaoi,MissFortune,0.1815098186807428
MissFortune,Zac,0.41828246929578006
Maokai,MissFortune,0.4340037921736396
Karthus,Yasuo,0.12767619791716292
Ezreal,Sejuani,0.13101102398216347
Diana,Lucian,0.3039455756386192
Nidalee,Pantheon,0.20008956390003144
Leblanc,Riven,0.1667413032500262
Ezreal,Riven,0.35920840757291356
MissFortune,Veigar,0.2215277314607491
Graves,Sylas,1.0700027631415967
Blitzcrank,Ornn,0.15768963250216764
Warwick,Yasuo,0.2463007250864673
Jhin,Talon,0.4178060655722085
Ashe,Volibear,0.1262469867464484
Aphelios,Irelia,0.3048983830857622
Kennen,Leona,0.19723114155860244
Maokai,Viego,0.1805570112335998
Teemo,Tristana,0.16578849580288318
Jhin,Maokai,0.2262917686964641
Jhin,Nunu,0.207235619753604
Blitzcrank,Jax,0.18865587453431534
Blitzcrank,Orianna,0.10671443408001677
Fizz,LeeSin,0.21533448305431957
Caitlyn,Fiora,0.21771650167217707
Ahri,Caitlyn,0.10957285642144579
Caitlyn,Soraka,0.11004926014501729
Ornn,Talon,0.12719979419359143
Teemo,Viego,0.39065105332863287
Jhin,Poppy,0.30680399798004826
Blitzcrank,Jayce,0.21342886816003354
Jinx,TwistedFate,0.20390079368860348
Nautilus,Viego,0.20580640858288948
Darius,Lux,0.5073699656036512
Ezreal,Illaoi,0.17436376282717025
MissFortune,Poppy,0.5326193629529409
Ashe,Kindred,0.18722666336360086
Karthus,MissFortune,0.1667413032500262
Diana,Yone,0.23343782455003667
Blitzcrank,Diana,0.1800806075100283
Lucian,Teemo,0.7098415481215401
FiddleSticks,Yasuo,0.14911436547788057
Jax,Lux,0.2529703772164683
Ezreal,Vex,0.8189380008194145
Leona,Mordekaiser,0.14292111707145103
Diana,Leona,0.17198174420931273
Kennen,Lucian,0.3896982458814898
Karthus,Lucian,0.14482673196573706
Kassadin,Thresh,0.13482225377073548
Kaisa,Sylas,0.6502910826751022
Viktor,Yuumi,0.10337960801501624
Riven,Yuumi,0.16150086229073968
Ezreal,Ryze,0.3258601469229083
Kayn,Lux,0.482596971977933
Nocturne,Xerath,0.16578849580288318
TwistedFate,Yuumi,0.2758377559479005
Vayne,Veigar,0.14435032824216554
Sett,Veigar,0.11386048993358931
Aatrox,Ekko,0.2786961782893295
Blitzcrank,Tristana,0.1819862224043143
Ornn,Yasuo,0.28250740807790153
Ekko,Nami,0.2610692405171839
Darius,Xerath,0.34396348841862545
MissFortune,XinZhao,0.35873200384934206
Gwen,LeeSin,0.20247158251788894
Gwen,Lucian,0.20580640858288948
Kennen,Thresh,0.21914571284289158
Pyke,Teemo,0.27536135222432895
Ashe,Soraka,0.10957285642144579
Ahri,Samira,0.14577953941288005
Ekko,Samira,0.40923079854792144
Graves,Velkoz,0.12577058302287691
Sett,Vex,0.40780158737720695
LeeSin,Nami,0.4697340714415024
Akshan,Lillia,0.1938963154936019
Aphelios,Blitzcrank,0.26964450754147096
Leona,XinZhao,0.1524491915428811
Blitzcrank,Sylas,0.5878821948872353
Elise,Sett,0.1548312101607386
Ashe,Sett,0.4178060655722085
Ashe,Lux,0.46449363048221587
Ashe,Brand,0.10480881918573076
Jhin,Warwick,0.18960868198145836
Graves,Kassadin,0.21962211656646308
Jhin,Kassadin,0.14816155803073758
Kassadin,Yuumi,0.13482225377073548
FiddleSticks,Yone,0.11481329738073233
Hecarim,Xerath,0.11386048993358931
Jhin,Zyra,0.14863796175430907
LeeSin,Ryze,0.2796489857364725
Gwen,Yasuo,0.17579297399788477
Gwen,Samira,0.11910093089287586
MissFortune,Mordekaiser,0.3063275942564767
Caitlyn,JarvanIV,0.20390079368860348
Akshan,Leona,0.22105132773717762
Kennen,Samira,0.2243861538021781
Volibear,Yone,0.19723114155860244
Morgana,Volibear,0.11814812344573286
Qiyana,Thresh,0.17531657027431327
MissFortune,Nocturne,0.33443541394719545
Rakan,Yasuo,0.19723114155860244
Leblanc,Nautilus,0.21914571284289158
Kalista,Thresh,0.12291216068144788
Aatrox,Xerath,0.278219774565758
Varus,Xerath,0.13005821653502045
Thresh,TwistedFate,0.28679504159004504
Malphite,MasterYi,0.3058511905329052
Lucian,Rengar,0.11052566386858881
Graves,Viktor,0.1662648995264547
MissFortune,Zyra,0.22343334635503512
Ryze,Samira,0.1514963840957381
Irelia,Yuumi,0.5654912198793746
Hecarim,MissFortune,0.22676817242003566
Lux,Varus,0.11290768248644631
Amumu,Garen,0.19961316017645994
Amumu,Katarina,0.21247606071289052
Irelia,Nunu,0.22248053890789207
Ashe,Nunu,0.14149190590073651
Kindred,Vex,0.20199517879431744
Graves,Syndra,0.22772097986717862
Jhin,Syndra,0.140062694730022
Diana,Vayne,0.2796489857364725
Graves,Zilean,0.14339752079502252
Ekko,Qiyana,0.1524491915428811
Alistar,Ekko,0.17102893676216974
Sylas,Tristana,0.22581536497289262
Lillia,Lucian,0.41256562461292196
Fizz,Yuumi,0.11719531599858986
Rakan,Viego,0.11433689365716083
Senna,Talon,0.17007612931502675
Gwen,Leona,0.11338408621001783
TahmKench,Viego,0.1514963840957381
Orianna,Viego,0.10290320429144474
Caitlyn,Garen,0.17007612931502675
Caitlyn,Senna,0.15673682505502462
Camille,Leblanc,0.31204443893933476
Ashe,Leona,0.3010871532971902
Swain,Yasuo,0.16578849580288318
Lux,Nasus,0.1648356883557402
Blitzcrank,Leblanc,0.44972511505149926
Blitzcrank,Xayah,0.10099758939715872
Graves,Sivir,0.1524491915428811
Lux,Sivir,0.11243127876287481
Akali,MasterYi,0.22057492401360612
Lucian,MonkeyKing,0.17579297399788477
Nunu,Teemo,0.18293902985145732
Tristana,Yuumi,0.22343334635503512
Anivia,Teemo,0.11004926014501729
Jayce,Xerath,0.21819290539574857
Ezreal,Shyvana,0.14482673196573706
Illaoi,Lux,0.11767171972216135
Elise,Lulu,0.11386048993358931
Ezreal,Kayle,0.13101102398216347
Amumu,Riven,0.1529255952664526
Renekton,Thresh,0.11386048993358931
Gwen,Jhin,0.15340199899002413
Ekko,Leona,0.36635446342648614
Kassadin,Leona,0.10766724152715978
Tristana,Vex,0.14101550217716502
Garen,Xerath,0.22962659476146466
Darius,Ziggs,0.13291663887644947
Akshan,Ziggs,0.12719979419359143
Nidalee,Zed,0.32252532085790786
Galio,Samira,0.19913675645288845
Ezreal,Janna,0.12386496812859088
Jhin,Ryze,0.17007612931502675
Vayne,Zilean,0.11100206759216029
FiddleSticks,Jhin,0.13672786866502148
Jayce,Samira,0.19246710432288738
Evelynn,Irelia,0.13768067611216447
Evelynn,Yuumi,0.12053014206359038
Ashe,Poppy,0.20818842720074698
Ashe,Tryndamere,0.14530313568930855
Ekko,Jayce,0.21104684954217603
Caitlyn,XinZhao,0.139109887282879
Aphelios,Leblanc,0.26583327775289894
Ekko,TahmKench,0.16102445856716815
Jinx,TahmKench,0.13339304260002097
Kassadin,LeeSin,0.21914571284289158
Ekko,Rakan,0.11910093089287586
Mordekaiser,Zed,0.17960420378645678
Kaisa,Ornn,0.18103341495717132
Viego,Ziggs,0.15101998037216657
Jhin,Lillia,0.29727592350861815
Braum,Sylas,0.12005373834001885
Poppy,Vex,0.24344230274503825
Karma,Viego,0.15340199899002413
Caitlyn,Khazix,0.14387392451859404
Brand,Caitlyn,0.11100206759216029
Fizz,Viego,0.10004478195001572
Graves,Nautilus,0.3992263203529199
Graves,Orianna,0.1934199117700304
Lux,Vi,0.10004478195001572
Kindred,Malphite,0.18675025964002936
MissFortune,Nasus,0.25535239583432584
MissFortune,Shyvana,0.138157079835736
MissFortune,Olaf,0.11433689365716083
Hecarim,Leblanc,0.11767171972216135
Leblanc,Nasus,0.11910093089287586
Pyke,Talon,0.24106028412718075
Jhin,Karthus,0.10147399312073024
Jhin,Katarina,0.2887006564843311
Draven,Graves,0.18103341495717132
Draven,Zed,0.10671443408001677
Anivia,Vayne,0.1786513963393138
Jayce,Nidalee,0.1653120920793117
Akshan,Nidalee,0.23200861337932216
Fiora,Xerath,0.28679504159004504
MasterYi,Morgana,0.2420130915743237
Nautilus,Talon,0.18579745219288635
Caitlyn,Mordekaiser,0.11719531599858986
Fiora,Jinx,0.22486255752574963
Camille,Lulu,0.25487599211075435
Ezreal,Vi,0.14625594313645154
Ashe,Diana,0.17102893676216974
Ashe,Lillia,0.19770754528217394
LeeSin,Ziggs,0.32300172458147935
Yasuo,Ziggs,0.25154116604575383
Kayn,Mordekaiser,0.1405390984535935
Mordekaiser,Talon,0.139109887282879
Ekko,Ornn,0.1519727878193096
Rakan,Zed,0.12529417929930542
Xerath,XinZhao,0.1929435080464589
Irelia,Karthus,0.13672786866502148
Ezreal,Karthus,0.1781749926157423
MissFortune,Rammus,0.15626042133145313
Caitlyn,Trundle,0.11814812344573286
Ekko,Garen,0.20104237134717448
DrMundo,Lux,0.10528522290930226
Ahri,Viego,0.13005821653502045
Ashe,Zac,0.16150086229073968
Elise,Irelia,0.2029479862414605
Amumu,Kassadin,0.11481329738073233
Leblanc,Trundle,0.1653120920793117
Leona,TwistedFate,0.20818842720074698
Darius,Tristana,0.13291663887644947
Blitzcrank,Hecarim,0.11576610482787533
Evelynn,Lucian,0.19008508570502988
Kaisa,Ryze,0.16912332186788373
Hecarim,Lucian,0.19103789315217287
Leblanc,TahmKench,0.16578849580288318
Sylas,XinZhao,0.23867826550932322
Diana,Malphite,0.1543548064371671
Hecarim,Leona,0.10337960801501624
Graves,Vladimir,0.1815098186807428
Kassadin,Lucian,0.20199517879431744
MasterYi,Pyke,0.2524939734928968
MasterYi,Tristana,0.1529255952664526
Darius,Soraka,0.10052118567358724
Blitzcrank,Nunu,0.1800806075100283
Akshan,Amumu,0.2262917686964641
Blitzcrank,Kennen,0.21533448305431957
Ezreal,Malzahar,0.16007165112002514
Karthus,Zed,0.11147847131573181
FiddleSticks,Irelia,0.11814812344573286
LeeSin,Syndra,0.23343782455003667
Rammus,Vayne,0.10766724152715978
Nidalee,Riven,0.11576610482787533
Jinx,Ornn,0.12815260164073444
Kayn,Vladimir,0.10385601173858774
MissFortune,Urgot,0.13196383142930646
Lux,Sion,0.10004478195001572
Kindred,Sett,0.2377254580621802
Lillia,Thresh,0.2520175697693253
Talon,Tristana,0.1505435766485951
Camille,TwistedFate,0.19151429687574437
Ahri,Kayn,0.12053014206359038
Elise,Yasuo,0.2186693091193201
Brand,Jinx,0.10147399312073024
MonkeyKing,Yuumi,0.12053014206359038
Nasus,Samira,0.11719531599858986
Vayne,Viktor,0.15340199899002413
Lucian,Taliyah,0.11910093089287586
MissFortune,Seraphine,0.17484016655074175
Lux,XinZhao,0.23153220965575066
Bard,Ezreal,0.12815260164073444
Malzahar,MissFortune,0.16769411069716922
Graves,Xayah,0.15911884367288215
Gnar,Lucian,0.13720427238859298
Ekko,Jax,0.17484016655074175
Soraka,Talon,0.11100206759216029
Brand,Malphite,0.10528522290930226
Leblanc,Ornn,0.15673682505502462
Ezreal,Yorick,0.11386048993358931
Fizz,Samira,0.11004926014501729
Ashe,MasterYi,0.31109163149219177
Ezreal,Gangplank,0.1667413032500262
Swain,Zed,0.13672786866502148
Sett,Ziggs,0.1805570112335998
Khazix,Leblanc,0.18913227825788687
Amumu,Tryndamere,0.16912332186788373
Ashe,Senna,0.17150534048574123
MissFortune,Sejuani,0.12100654578716186
Mordekaiser,Samira,0.16054805484359666
MissFortune,Renekton,0.21962211656646308
Kennen,Viego,0.23057940220860768
DrMundo,MissFortune,0.13768067611216447
Gragas,Lucian,0.14577953941288005
Jinx,Lillia,0.22248053890789207
Braum,Graves,0.14196830962430804
Pyke,Warwick,0.13386944632359246
Ryze,Viego,0.14196830962430804
Kayn,Kennen,0.20247158251788894
Gwen,Viego,0.11243127876287481
Draven,Thresh,0.11814812344573286
Draven,Leona,0.10242680056787323
Caitlyn,MasterYi,0.2944175011671891
Jhin,Ornn,0.17674578144502776
Maokai,Nidalee,0.14911436547788057
Gwen,Talon,0.10052118567358724
Hecarim,Vex,0.10052118567358724
Lucian,Sion,0.13339304260002097
Katarina,MasterYi,0.1934199117700304
LeeSin,Lissandra,0.16197726601431117
Darius,Zoe,0.10766724152715978
MissFortune,Sona,0.10576162663287376
Viego,Zoe,0.13482225377073548
Khazix,Vex,0.14196830962430804
Qiyana,Teemo,0.1662648995264547
Twitch,Yuumi,0.17245814793288425
Irelia,Zyra,0.10862004897430279
Caitlyn,Nunu,0.139109887282879
Elise,Thresh,0.17198174420931273
Kayn,Morgana,0.28536583041933056
Ahri,Yuumi,0.14482673196573706
Khazix,Thresh,0.18341543357502882
Jinx,Volibear,0.13434585004716396
Ashe,Ryze,0.13053462025859194
Blitzcrank,MonkeyKing,0.10909645269787428
Kaisa,Pyke,0.4254285251493526
Sett,Swain,0.12291216068144788
Kassadin,Viego,0.12386496812859088
XinZhao,Yuumi,0.19008508570502988
Sivir,Sylas,0.11481329738073233
Jhin,Qiyana,0.18960868198145836
Fiora,Ziggs,0.13386944632359246
Camille,Elise,0.12958181281144893
Sivir,Yuumi,0.11910093089287586
Caitlyn,Volibear,0.12815260164073444
Ahri,Darius,0.10528522290930226
Caitlyn,Shaco,0.21771650167217707
Blitzcrank,Volibear,0.15578401760788163
Ashe,XinZhao,0.14530313568930855
Lucian,Malzahar,0.11671891227501834
Lucian,Mordekaiser,0.24677712881003877
Ryze,Thresh,0.1686469181443122
Darius,Nunu,0.139109887282879
MonkeyKing,Samira,0.10909645269787428
Elise,Zed,0.16293007346145416
Jayce,Kaisa,0.23439063199717972
Elise,Kaisa,0.17531657027431327
Kayn,Ornn,0.13005821653502045
Ekko,Shen,0.13005821653502045
Thresh,Vladimir,0.11100206759216029
Malzahar,Vayne,0.10528522290930226
Camille,Ziggs,0.12958181281144893
Leona,Zoe,0.12243575695787638
Rumble,Yone,0.10862004897430279
Azir,LeeSin,0.10719083780358826
Diana,Lulu,0.13720427238859298
Ashe,Nasus,0.10195039684430174
Ezreal,Zyra,0.21104684954217603
